{
  "zero2_medium": {
    "zeroNum": 2,
    "precision": "medium",
    "config": {
      "tRange": 1,
      "dt": 0.001,
      "N": 5000,
      "name": "中探索"
    },
    "result": {
      "t": 21.023039639,
      "re": 0.0029657868671419166,
      "im": -0.0010236317328614296,
      "abs": 0.003137469309145885
    },
    "totalPoints": 2001
  },
  "zero3_fine": {
    "zeroNum": 3,
    "precision": "fine",
    "config": {
      "tRange": 0.1,
      "dt": 0.0001,
      "N": 8000,
      "name": "精密探索"
    },
    "result": {
      "t": 25.013057579999998,
      "re": 0.0014419837569632288,
      "im": 0.0005873128459612186,
      "abs": 0.0015570014561254765
    },
    "totalPoints": 2001
  },
  "zero3_ultra": {
    "zeroNum": 3,
    "precision": "ultra",
    "config": {
      "tRange": 0.01,
      "dt": 0.00001,
      "N": 10000,
      "name": "超精密"
    },
    "result": {
      "t": 25.011647579999998,
      "re": 0.0026119550781256713,
      "im": 0.000915571534663631,
      "abs": 0.0027677753820049772
    },
    "totalPoints": 2000
  }
}